{
  "version": 1,
  "author": "Burhan Amir",
  "editor": "wokwi",
  "parts": [
    { "type": "wokwi-breadboard", "id": "bb1", "top": -339, "left": -525.2, "attrs": {} },
    { "type": "board-esp32-devkit-c-v4", "id": "esp", "top": 48, "left": -235.16, "attrs": {} },
    { "type": "wokwi-hc-sr04", "id": "ultrasonic2", "top": -65.7, "left": -724.1, "attrs": {} },
    { "type": "wokwi-hc-sr04", "id": "ultrasonic3", "top": -65.7, "left": -1069.7, "attrs": {} },
    { "type": "wokwi-hc-sr04", "id": "ultrasonic4", "top": -65.7, "left": -896.9, "attrs": {} },
    {
      "type": "wokwi-pushbutton",
      "id": "btn1",
      "top": 438.2,
      "left": -528,
      "attrs": { "color": "green", "xray": "1" }
    },
    {
      "type": "wokwi-pushbutton",
      "id": "btn2",
      "top": 428.6,
      "left": 288,
      "attrs": { "color": "green", "xray": "1" }
    },
    {
      "type": "wokwi-pushbutton",
      "id": "btn3",
      "top": 351.8,
      "left": -67.2,
      "attrs": { "color": "green", "xray": "1" }
    },
    {
      "type": "wokwi-pushbutton",
      "id": "btn4",
      "top": 419,
      "left": -403.2,
      "attrs": { "color": "green", "xray": "1" }
    },
    {
      "type": "wokwi-led",
      "id": "led1",
      "top": -176.4,
      "left": 147.8,
      "attrs": { "color": "red" }
    },
    {
      "type": "wokwi-resistor",
      "id": "r1",
      "top": -140.05,
      "left": 220.8,
      "attrs": { "value": "1000" }
    },
    {
      "type": "wokwi-hc-sr04",
      "id": "ultrasonic1",
      "top": -65.7,
      "left": -541.7,
      "attrs": { "distance": "2" }
    },
    {
      "type": "wokwi-text",
      "id": "text1",
      "top": -86.4,
      "left": -710.4,
      "attrs": { "text": "2" }
    },
    {
      "type": "wokwi-text",
      "id": "text2",
      "top": -86.4,
      "left": -537.6,
      "attrs": { "text": "1" }
    }
  ],
  "connections": [
    [ "esp:TX", "$serialMonitor:RX", "", [] ],
    [ "esp:RX", "$serialMonitor:TX", "", [] ],
    [ "ultrasonic1:VCC", "esp:3V3", "red", [ "v48", "h239.85" ] ],
    [ "ultrasonic1:GND", "esp:GND.2", "black", [ "h325.2", "v48" ] ],
    [ "esp:13", "ultrasonic1:TRIG", "green", [ "h0" ] ],
    [ "esp:12", "ultrasonic1:ECHO", "green", [ "h-211.05", "v-134.4" ] ],
    [ "ultrasonic2:VCC", "esp:3V3", "red", [ "v0" ] ],
    [ "ultrasonic2:GND", "esp:GND.1", "black", [ "v0" ] ],
    [ "ultrasonic2:TRIG", "esp:14", "green", [ "v0" ] ],
    [ "ultrasonic2:ECHO", "esp:27", "green", [ "v0" ] ],
    [ "ultrasonic4:GND", "esp:GND.1", "black", [ "v0" ] ],
    [ "ultrasonic4:VCC", "esp:3V3", "red", [ "v0" ] ],
    [ "ultrasonic4:TRIG", "esp:26", "green", [ "v0" ] ],
    [ "ultrasonic4:ECHO", "esp:25", "green", [ "v0" ] ],
    [ "ultrasonic3:GND", "esp:GND.1", "black", [ "v0" ] ],
    [ "ultrasonic3:VCC", "esp:3V3", "red", [ "v0" ] ],
    [ "ultrasonic3:TRIG", "esp:33", "green", [ "v0" ] ],
    [ "ultrasonic3:ECHO", "esp:32", "green", [ "v0" ] ]
  ],
  "dependencies": {}
}